customer_id,first_name,last_name,email,phone,password_hash,created_at
1,Sana,Rana,sana.rana617@gmail.com,0322-4335942,$2b$12$custpass0001WXYZ,2025-01-03 20:44:34
2,Mahnoor,Siddiqui,mahnoor.siddiqui460@hotmail.com,0300-3678638,$2b$12$custpass0002WXYZ,2024-12-15 13:21:17
3,Noor,Chaudhry,noor.chaudhry981@hotmail.com,0301-2556017,$2b$12$custpass0003WXYZ,2024-01-25 03:22:54
4,Iqra,Warraich,iqra.warraich271@gmail.com,0346-8707870,$2b$12$custpass0004WXYZ,2024-07-03 03:59:24
5,Hira,Gill,hira.gill301@hotmail.com,0333-4226067,$2b$12$custpass0005WXYZ,2024-12-22 02:02:42
6,Sana,Mirza,sana.mirza82@yahoo.com,0301-7377459,$2b$12$custpass0006WXYZ,2023-10-12 14:40:53
7,Iqra,Butt,iqra.butt380@hotmail.com,0303-5479144,$2b$12$custpass0007WXYZ,2024-12-19 21:41:04
8,Kiran,Butt,kiran.butt547@yahoo.com,0302-8755439,$2b$12$custpass0008WXYZ,2024-01-24 08:59:40
9,Anum,Gill,anum.gill225@hotmail.com,0300-4842788,$2b$12$custpass0009WXYZ,2025-04-21 01:51:20
10,Rida,Ansari,rida.ansari68@yahoo.com,0333-6279418,$2b$12$custpass0010WXYZ,2023-08-06 20:31:25
11,Yumna,Nawaz,yumna.nawaz147@hotmail.com,0302-5137722,$2b$12$custpass0011WXYZ,2025-02-01 17:34:16
12,Bushra,Cheema,bushra.cheema439@outlook.com,0312-4679591,$2b$12$custpass0012WXYZ,2023-05-22 16:31:05
13,Fiza,Ahmed,fiza.ahmed882@gmail.com,0302-3684052,$2b$12$custpass0013WXYZ,2025-03-22 21:27:38
14,Hira,Baig,hira.baig391@outlook.com,0322-5218028,$2b$12$custpass0014WXYZ,2024-07-20 00:43:46
15,Zara,Gill,zara.gill769@hotmail.com,0345-6707197,$2b$12$custpass0015WXYZ,2023-04-25 09:27:10
16,Alishba,Khan,alishba.khan977@hotmail.com,0322-3997281,$2b$12$custpass0016WXYZ,2024-06-03 03:55:40
17,Layla,Rana,layla.rana624@yahoo.com,0302-7273233,$2b$12$custpass0017WXYZ,2025-02-19 05:34:49
18,Asma,Rana,asma.rana941@gmail.com,0333-6438436,$2b$12$custpass0018WXYZ,2024-05-15 00:07:59
19,Iqra,Mirza,iqra.mirza246@gmail.com,0303-2321324,$2b$12$custpass0019WXYZ,2023-03-29 23:31:52
20,Hira,Gill,hira.gill785@yahoo.com,0302-8973915,$2b$12$custpass0020WXYZ,2024-07-16 05:16:33
21,Uzma,Warraich,uzma.warraich434@yahoo.com,0322-4374754,$2b$12$custpass0021WXYZ,2024-12-31 09:25:42
22,Zainab,Hashmi,zainab.hashmi449@outlook.com,0301-5159166,$2b$12$custpass0022WXYZ,2023-08-19 02:21:01
23,Hafsa,Gill,hafsa.gill236@yahoo.com,0300-2191066,$2b$12$custpass0023WXYZ,2024-12-25 20:03:14
24,Hira,Ahmed,hira.ahmed881@hotmail.com,0301-9626108,$2b$12$custpass0024WXYZ,2023-09-01 08:42:31
25,Fatima,Gill,fatima.gill136@outlook.com,0303-8935169,$2b$12$custpass0025WXYZ,2025-04-06 13:12:06
26,Zara,Akhtar,zara.akhtar363@outlook.com,0313-8835373,$2b$12$custpass0026WXYZ,2025-01-16 01:43:41
27,Zainab,Raza,zainab.raza63@outlook.com,0346-6692553,$2b$12$custpass0027WXYZ,2025-03-30 03:15:12
28,Fatima,Gill,fatima.gill460@yahoo.com,0313-4078418,$2b$12$custpass0028WXYZ,2023-10-13 14:15:55
29,Asma,Malik,asma.malik454@gmail.com,0300-1247595,$2b$12$custpass0029WXYZ,2023-04-06 07:10:26
30,Nimra,Javed,nimra.javed219@outlook.com,0300-3762152,$2b$12$custpass0030WXYZ,2024-01-24 00:24:16
31,Asma,Nawaz,asma.nawaz293@outlook.com,0346-9164991,$2b$12$custpass0031WXYZ,2023-06-08 06:18:13
32,Sara,Cheema,sara.cheema754@gmail.com,0346-6261415,$2b$12$custpass0032WXYZ,2023-02-28 01:37:30
33,Sadia,Rana,sadia.rana162@gmail.com,0322-2344047,$2b$12$custpass0033WXYZ,2023-07-10 02:38:04
34,Sidra,Siddiqui,sidra.siddiqui414@gmail.com,0333-5130808,$2b$12$custpass0034WXYZ,2024-08-15 19:02:39
35,Hira,Akhtar,hira.akhtar674@hotmail.com,0311-4426900,$2b$12$custpass0035WXYZ,2024-11-16 22:20:15
36,Amna,Baig,amna.baig135@hotmail.com,0321-6304573,$2b$12$custpass0036WXYZ,2025-02-08 02:00:29
37,Kiran,Cheema,kiran.cheema103@gmail.com,0322-4576135,$2b$12$custpass0037WXYZ,2024-06-02 08:08:59
38,Iqra,Malik,iqra.malik901@yahoo.com,0312-5781295,$2b$12$custpass0038WXYZ,2023-06-11 14:53:34
39,Anum,Mirza,anum.mirza627@gmail.com,0345-6022741,$2b$12$custpass0039WXYZ,2024-11-10 03:56:08
40,Amna,Raza,amna.raza912@gmail.com,0346-3607983,$2b$12$custpass0040WXYZ,2023-10-06 09:38:13
41,Anum,Qureshi,anum.qureshi209@hotmail.com,0322-9196204,$2b$12$custpass0041WXYZ,2023-09-15 01:05:40
42,Mahnoor,Ansari,mahnoor.ansari46@gmail.com,0312-3194789,$2b$12$custpass0042WXYZ,2024-10-14 08:10:47
43,Alishba,Gill,alishba.gill723@outlook.com,0322-1162230,$2b$12$custpass0043WXYZ,2023-04-25 02:56:44
44,Yumna,Sheikh,yumna.sheikh559@gmail.com,0312-3484601,$2b$12$custpass0044WXYZ,2024-03-16 04:02:19
45,Iqra,Ahmed,iqra.ahmed921@hotmail.com,0303-5186414,$2b$12$custpass0045WXYZ,2024-11-13 03:22:49
46,Rabea,Akhtar,rabea.akhtar998@yahoo.com,0303-3726327,$2b$12$custpass0046WXYZ,2025-03-30 05:56:26
47,Ayesha,Butt,ayesha.butt755@hotmail.com,0313-5163555,$2b$12$custpass0047WXYZ,2023-10-01 05:50:44
48,Zara,Baig,zara.baig894@gmail.com,0321-4731818,$2b$12$custpass0048WXYZ,2023-07-24 14:22:19
49,Shazia,Siddiqui,shazia.siddiqui229@gmail.com,0345-4240180,$2b$12$custpass0049WXYZ,2024-02-13 10:17:55
50,Hira,Ansari,hira.ansari360@outlook.com,0345-9996207,$2b$12$custpass0050WXYZ,2023-12-06 00:07:56
51,Amna,Butt,amna.butt595@hotmail.com,0300-2818692,$2b$12$custpass0051WXYZ,2024-09-02 13:22:46
52,Naila,Qureshi,naila.qureshi447@gmail.com,0313-4188992,$2b$12$custpass0052WXYZ,2023-09-18 01:45:27
53,Ayesha,Rana,ayesha.rana948@yahoo.com,0312-8235969,$2b$12$custpass0053WXYZ,2023-03-13 21:58:21
54,Kiran,Qureshi,kiran.qureshi680@gmail.com,0346-6038571,$2b$12$custpass0054WXYZ,2024-06-03 09:42:26
55,Mehwish,Baig,mehwish.baig714@hotmail.com,0322-3135534,$2b$12$custpass0055WXYZ,2023-07-16 13:42:24
56,Sidra,Butt,sidra.butt631@hotmail.com,0313-1006810,$2b$12$custpass0056WXYZ,2023-11-08 09:13:27
57,Naila,Cheema,naila.cheema622@hotmail.com,0321-8411939,$2b$12$custpass0057WXYZ,2024-03-28 21:13:32
58,Nimra,Butt,nimra.butt675@gmail.com,0311-9647849,$2b$12$custpass0058WXYZ,2024-11-10 20:39:21
59,Hira,Siddiqui,hira.siddiqui689@hotmail.com,0303-4340845,$2b$12$custpass0059WXYZ,2023-05-31 00:02:15
60,Nimra,Warraich,nimra.warraich871@gmail.com,0321-7953166,$2b$12$custpass0060WXYZ,2024-10-06 18:12:45
61,Anum,Baig,anum.baig507@outlook.com,0303-3475836,$2b$12$custpass0061WXYZ,2024-11-02 22:00:57
62,Fiza,Raza,fiza.raza798@outlook.com,0303-3950888,$2b$12$custpass0062WXYZ,2025-04-03 22:33:29
63,Sara,Gill,sara.gill256@gmail.com,0321-3237058,$2b$12$custpass0063WXYZ,2025-03-31 14:42:33
64,Rabea,Warraich,rabea.warraich325@outlook.com,0333-9468772,$2b$12$custpass0064WXYZ,2024-03-12 17:28:57
65,Maryam,Javed,maryam.javed461@hotmail.com,0303-5652512,$2b$12$custpass0065WXYZ,2025-02-23 16:31:40
66,Sana,Ansari,sana.ansari451@gmail.com,0346-5793722,$2b$12$custpass0066WXYZ,2023-08-29 08:21:20
67,Yumna,Gill,yumna.gill83@yahoo.com,0302-4879923,$2b$12$custpass0067WXYZ,2024-01-28 22:09:45
68,Fatima,Malik,fatima.malik425@outlook.com,0312-8816912,$2b$12$custpass0068WXYZ,2024-03-01 01:13:53
69,Mahnoor,Baig,mahnoor.baig927@gmail.com,0333-7381734,$2b$12$custpass0069WXYZ,2024-05-03 00:22:19
70,Fiza,Baig,fiza.baig874@outlook.com,0322-4700025,$2b$12$custpass0070WXYZ,2024-05-14 07:17:27
71,Nimra,Khan,nimra.khan399@hotmail.com,0345-7783308,$2b$12$custpass0071WXYZ,2025-01-11 05:53:29
72,Asma,Sheikh,asma.sheikh638@gmail.com,0313-1454696,$2b$12$custpass0072WXYZ,2023-03-27 20:27:08
73,Uzma,Nawaz,uzma.nawaz187@gmail.com,0311-7360307,$2b$12$custpass0073WXYZ,2023-12-02 06:29:20
74,Mehwish,Baig,mehwish.baig285@outlook.com,0311-2374158,$2b$12$custpass0074WXYZ,2024-04-26 00:47:34
75,Sara,Hashmi,sara.hashmi230@gmail.com,0345-1675419,$2b$12$custpass0075WXYZ,2025-02-11 00:15:12
76,Shazia,Khan,shazia.khan637@yahoo.com,0303-3117636,$2b$12$custpass0076WXYZ,2024-04-29 21:07:36
77,Fatima,Nawaz,fatima.nawaz717@hotmail.com,0312-3815034,$2b$12$custpass0077WXYZ,2024-09-12 19:47:45
78,Zara,Butt,zara.butt988@hotmail.com,0301-1430812,$2b$12$custpass0078WXYZ,2023-11-16 18:43:58
79,Rida,Baig,rida.baig965@yahoo.com,0301-5074336,$2b$12$custpass0079WXYZ,2023-04-15 22:49:19
80,Uzma,Warraich,uzma.warraich825@gmail.com,0333-1689025,$2b$12$custpass0080WXYZ,2023-12-22 17:27:42
